IDENTIFIER,time,Cao_HILIC_mlp_orig4,Cao_HILIC_mlp_deeper4
7_Azaindole,104.4,529.5986503016417,698.8599680486478
Colchicine,81.6,108.56716475802932,342.30485087881004
p_aminohippuric_acid,340.2,311.402223488382,27.01771174965108
D_valine,630.0,649.2230502311597,875.641151606172
L_Histidine_monohydrochloride,939.0,702.9829687139681,422.0598588597233
Xanthine,497.4,598.2958566018058,379.09130840913815
Naringin_CHR,450.6,569.7640105304591,637.7491885410415
L_2_Aminoadipic_acid,744.0,706.929864273184,1031.1436780145298
D_Isoleucine,592.2,582.8826752536129,793.1374611631701
DL_2_4_Diaminobutyric_acid_dihydrochloride,955.2,1022.7933981901059,1060.093018091701
6_(Y_Y_Dimethylallylamino)purine,172.8,465.55971104281707,571.203905701963
N_Acetyl_D_glucosamine,597.6,596.9905970595438,274.3800628099247
