IDENTIFIER,time,FEM_orbitrap_plasma_mlp_deeper10,FEM_orbitrap_plasma_mlp_orig10
Nicotinic_Acid,86.4,175.1130202643584,105.13223698266602
C3_Propionyl_L_carnitine*HCl,109.8,363.01340494555694,265.43081544867454
Octadecenoic_acid_(Cis_Vaccenic),1002.6,1006.6513778319629,961.8313265084563
Threonine,59.7,148.92700837922996,85.47442141864153
4_methylumbelliferone,469.5,460.327374717842,252.1805250583629
Esculetin,330.0,443.687865996483,383.7719307150267
Hippuric_Acid,319.2,263.98745025550573,338.89338676034566
Kynurenine,145.2,422.3525099773331,227.3429224116721
Esculin,278.4,431.54000625206646,199.16213123927955
Epigallocatechin_gallate,362.4,784.1952597686206,597.081599052816
Isorhamnetin_3_glucoside,443.4,639.4060868699556,558.736157057997
1_Palmitoyl_sn_glycero_3_phosphocholine,878.4,375.7362679002348,413.46448089171014
T_CA_TauroCholic_Acid,564.0,648.6258487268929,492.56610831229597
Kaempferol_3_rutinoside,421.2,542.1855771244818,450.24734736908437
