IDENTIFIER,time,FEM_short_mlp_deeper1,FEM_short_mlp_orig1
epiafzelechin,933.0,843.5355202017063,872.935802612323
kaempferol_3_rutinoside,1229.4,1193.491103614175,1183.2656509913506
oxovitisin_A,1240.48965517,1257.8445936519572,1153.4826730338827
syringic_acid,826.8,592.2081202205818,684.5138203900157
3_4_dihydroxybenzoic_acid,466.2,542.1594154390652,598.4718573727484
caffeic_acid+catechin_condensation_product,1069.2,702.776326101619,853.9430679620511
ethyl_gallate_,909.6,564.85491048605,563.5695767749
L_glutathione,101.793103446,146.1111709329204,26.459621066592163
