IDENTIFIER,time,FEM_orbitrap_urine_mlp_deeper6,FEM_orbitrap_urine_mlp_orig6
Sodium_taurochenodeoxycholate,823.2,1174.9884442304356,851.5525077598263
C4_Butyryl_L_carnitine*HCl,225.6,588.534027570774,403.6392339957142
C6_Hexanoyl_L_Carnitine*HCl,469.2,725.8103560069463,561.7914292188983
Pyrogallol,112.8,517.4375332878236,252.57288588181018
3_hydroxyphenyl_acetic_acid,361.8,377.4453236950327,319.1601234249318
caffeic_acid,364.8,444.5745602931301,409.5817777209795
maleic_acid,55.2,392.344009180622,121.14356751450642
L_glutamic_acid,56.4,169.18825364281057,115.66431207785408
3_hydroxypyridine,67.2,363.76227991415027,120.59293192617996
L_isoleucine,133.8,267.90710395592873,147.80894472885953
3_4_dihydroxyphenylacetic_acid,340.8,350.2426694531802,268.43919132850374
3_phenylpropionic_acid,572.4,537.0499301680463,743.6608950130474
pantothenic_acid,779.4,39.62812405959275,77.82692560454808
